location
Greenpoint Brooklyn NY
Bushwick Brooklyn NY
Long Island City Queens NY
Jackson Heights Queens NY
Harlem Manhattan NY
Washington Heights Manhattan NY
Echo Park Los Angeles CA
Highland Park Los Angeles CA
West Adams Los Angeles CA
Manhattan Beach CA
Downtown Long Beach CA
Hayes Valley San Francisco CA
Inner Richmond San Francisco CA
Rockridge Oakland CA
Grand Lake Oakland CA
Berkeley Hills Berkeley CA
Queen Anne Seattle WA
West Seattle Seattle WA
Richmond District Portland OR
St Johns Portland OR
Bishop Arts District Dallas TX
Deep Ellum Dallas TX
Montrose Houston TX
The Heights Houston TX
Downtown Denton TX
San Marcos TX
Inman Park Atlanta GA
Virginia Highland Atlanta GA
Candler Park Atlanta GA
Plaza Midwood Charlotte NC
NoDa Charlotte NC
Mount Pleasant SC
Downtown Charleston SC
Athens GA
Corktown Detroit MI
Lawrenceville Pittsburgh PA
Uptown Minneapolis MN
Cathedral Hill Saint Paul MN
Downtown Madison WI
Downtown Iowa City IA
Downtown Lawrence KS
Old Town Fort Collins CO
Durango CO
Glenwood Springs CO
Jackson WY
Ketchum ID
Port Townsend WA
Homer AK
Seward AK
Sitka AK
Hilo HI
Kailua HI
Downtown Missoula MT
Kalispell MT
Downtown Coeur d'Alene ID
Downtown Boise ID
South Hill Spokane WA
Downtown Santa Fe NM
Los Alamos NM
Downtown Flagstaff AZ
Fourth Avenue Tucson AZ
Sedona AZ
Downtown Santa Barbara CA
Downtown San Luis Obispo CA
Westside Santa Cruz CA
Davis CA
Midtown Reno NV
Old Mill District Bend OR
West Asheville NC
North Shore Chattanooga TN
Old City Knoxville TN
Chevy Chase Lexington KY
Highlands Louisville KY
The Fan Richmond VA
Ghent Norfolk VA
West End Alexandria VA
Downtown Silver Spring MD
Takoma Park MD
East Rock New Haven CT
Federal Hill Providence RI
West End Portland ME
South End Burlington VT
Hudson NY
Beacon NY
Downtown Kingston NY
College Hill Providence RI
Salem MA
Portsmouth NH
Newburyport MA
Downtown Lancaster PA
Midtown Harrisburg PA
Historic District Savannah GA
St Augustine FL
Historic Kenwood St Petersburg FL
Downtown Sarasota FL
Old Naples Naples FL
Boone NC
Downtown Greenville SC
Downtown Bozeman MT
Fairhaven Bellingham WA
