location
East Liberty Pittsburgh PA
Bloomfield Pittsburgh PA
Northside Cincinnati OH
Hyde Park Cincinnati OH
German Village Columbus OH
Grandview Heights OH
Ohio City Cleveland OH
Tremont Cleveland OH
Old Town Alexandria VA
Ballston Arlington VA
Clarendon Arlington VA
Del Ray Alexandria VA
Lodo Denver CO
Capitol Hill Salt Lake City UT
Sugar House Salt Lake City UT
Ballard Seattle WA
Georgetown Seattle WA
Pearl District Portland OR
Alameda Portland OR
Monta Vista Cupertino CA
Willow Glen San Jose CA
Capitol Hill Nashville TN
12 South Nashville TN
East Nashville Nashville TN
South Congress Austin TX
Hyde Park Austin TX
Mueller Austin TX
Whitefish MT
Sandpoint ID
Lafayette LA
Oxford MS
Fargo ND (Downtown)
Rapid City SD
Coeur d'Alene ID
Burlington VT (Downtown)
Bar Harbor ME
Saratoga Springs NY
Pismo Beach CA
Encinitas CA
Eugene OR (South University)
